-- MySQL dump 10.13  Distrib 8.0.38, for Win64 (x86_64)
--
-- Host: localhost    Database: crm26
-- ------------------------------------------------------
-- Server version	9.0.1

/*!40101 SET @OLD_CHARACTER_SET_CLIENT=@@CHARACTER_SET_CLIENT */;
/*!40101 SET @OLD_CHARACTER_SET_RESULTS=@@CHARACTER_SET_RESULTS */;
/*!40101 SET @OLD_COLLATION_CONNECTION=@@COLLATION_CONNECTION */;
/*!50503 SET NAMES utf8 */;
/*!40103 SET @OLD_TIME_ZONE=@@TIME_ZONE */;
/*!40103 SET TIME_ZONE='+00:00' */;
/*!40014 SET @OLD_UNIQUE_CHECKS=@@UNIQUE_CHECKS, UNIQUE_CHECKS=0 */;
/*!40014 SET @OLD_FOREIGN_KEY_CHECKS=@@FOREIGN_KEY_CHECKS, FOREIGN_KEY_CHECKS=0 */;
/*!40101 SET @OLD_SQL_MODE=@@SQL_MODE, SQL_MODE='NO_AUTO_VALUE_ON_ZERO' */;
/*!40111 SET @OLD_SQL_NOTES=@@SQL_NOTES, SQL_NOTES=0 */;

--
-- Table structure for table `computer_devices`
--

DROP TABLE IF EXISTS `computer_devices`;
/*!40101 SET @saved_cs_client     = @@character_set_client */;
/*!50503 SET character_set_client = utf8mb4 */;
CREATE TABLE `computer_devices` (
  `computer_device_id` int NOT NULL AUTO_INCREMENT,
  `computer_id` int DEFAULT NULL,
  `device_id` int DEFAULT NULL,
  `status` enum('active','issue','installing','unknown') DEFAULT NULL,
  PRIMARY KEY (`computer_device_id`),
  UNIQUE KEY `computer_device_id` (`computer_device_id`),
  KEY `computer_id` (`computer_id`),
  KEY `device_id` (`device_id`),
  CONSTRAINT `computer_devices_ibfk_1` FOREIGN KEY (`computer_id`) REFERENCES `computers` (`computer_id`),
  CONSTRAINT `computer_devices_ibfk_2` FOREIGN KEY (`device_id`) REFERENCES `devices` (`device_id`)
) ENGINE=InnoDB AUTO_INCREMENT=5207 DEFAULT CHARSET=utf8mb4 COLLATE=utf8mb4_0900_ai_ci;
/*!40101 SET character_set_client = @saved_cs_client */;

--
-- Dumping data for table `computer_devices`
--

LOCK TABLES `computer_devices` WRITE;
/*!40000 ALTER TABLE `computer_devices` DISABLE KEYS */;
INSERT INTO `computer_devices` VALUES (2296,947,89,'active'),(2297,948,92,'active'),(2298,949,89,'active'),(2299,950,89,'active'),(2300,951,89,'active'),(2301,952,89,'active'),(2302,953,89,'active'),(2303,954,89,'active'),(2304,955,89,'active'),(2305,956,89,'active'),(2306,957,89,'active'),(2307,958,89,'active'),(2308,959,89,'active'),(2309,960,89,'active'),(2310,961,89,'active'),(2311,962,89,'active'),(2312,963,89,'active'),(2313,964,89,'active'),(2314,965,89,'active'),(2315,966,89,'active'),(2316,967,89,'active'),(2317,968,89,'active'),(2318,969,89,'active'),(2319,970,89,'active'),(2320,971,89,'active'),(2321,972,89,'active'),(2322,973,89,'active'),(2323,974,89,'active'),(2324,975,89,'active'),(2325,976,89,'active'),(2326,977,89,'active'),(2327,978,89,'active'),(2328,979,89,'active'),(2329,980,89,'active'),(2330,981,89,'active'),(2331,982,89,'active'),(2332,983,89,'active'),(2333,984,89,'active'),(2334,985,89,'active'),(2335,986,89,'active'),(2336,987,89,'active'),(2337,988,89,'active'),(2338,989,89,'active'),(2339,990,89,'active'),(2340,991,89,'active'),(2341,992,89,'active'),(2342,993,89,'active'),(2343,994,89,'active'),(2344,995,89,'active'),(2345,996,89,'active'),(2346,997,89,'active'),(2347,998,89,'active'),(2348,999,89,'active'),(2349,1000,89,'active'),(2350,1001,89,'active'),(2351,1002,89,'active'),(2352,1003,89,'active'),(2353,1004,89,'active'),(2354,1005,89,'active'),(2355,1006,89,'active'),(2356,947,102,'active'),(2357,948,102,'active'),(2358,949,102,'active'),(2359,950,102,'active'),(2360,951,102,'active'),(2361,952,102,'active'),(2362,953,102,'active'),(2363,954,102,'active'),(2364,955,102,'active'),(2365,956,102,'active'),(2366,957,102,'active'),(2367,958,102,'active'),(2368,959,102,'active'),(2369,960,102,'active'),(2370,961,102,'active'),(2371,962,102,'active'),(2372,963,102,'active'),(2373,964,102,'active'),(2374,965,102,'active'),(2375,966,102,'active'),(2376,967,102,'active'),(2377,968,102,'active'),(2378,969,102,'active'),(2379,970,102,'active'),(2380,971,102,'active'),(2381,972,102,'active'),(2382,973,102,'active'),(2383,974,102,'active'),(2384,975,102,'active'),(2385,976,102,'active'),(2386,977,102,'active'),(2387,978,102,'active'),(2388,979,102,'active'),(2389,980,102,'active'),(2390,981,102,'active'),(2391,982,102,'active'),(2392,983,102,'active'),(2393,984,102,'active'),(2394,985,102,'active'),(2395,986,102,'active'),(2396,987,102,'active'),(2397,988,102,'active'),(2398,989,102,'active'),(2399,990,102,'active'),(2400,991,102,'active'),(2401,992,102,'active'),(2402,993,102,'active'),(2403,994,102,'active'),(2404,995,102,'active'),(2405,996,102,'active'),(2406,997,102,'active'),(2407,998,102,'active'),(2408,999,102,'active'),(2409,1000,102,'active'),(2410,1001,102,'active'),(2411,1002,102,'active'),(2412,1003,102,'active'),(2413,1004,102,'active'),(2414,1005,102,'active'),(2415,1006,102,'active'),(2416,947,110,'active'),(2417,948,110,'active'),(2418,949,110,'active'),(2419,950,110,'active'),(2420,951,110,'active'),(2421,952,110,'active'),(2422,953,110,'active'),(2423,954,110,'active'),(2424,955,110,'active'),(2425,956,110,'active'),(2426,957,110,'active'),(2427,958,110,'active'),(2428,959,110,'active'),(2429,960,110,'active'),(2430,961,110,'active'),(2431,962,110,'active'),(2432,963,110,'active'),(2433,964,110,'active'),(2434,965,110,'active'),(2435,966,110,'active'),(2436,967,110,'active'),(2437,968,110,'active'),(2438,969,110,'active'),(2439,970,110,'active'),(2440,971,110,'active'),(2441,972,110,'active'),(2442,973,110,'active'),(2443,974,110,'active'),(2444,975,110,'active'),(2445,976,110,'active'),(2446,977,110,'active'),(2447,978,110,'active'),(2448,979,110,'active'),(2449,980,110,'active'),(2450,981,110,'active'),(2451,982,110,'active'),(2452,983,110,'active'),(2453,984,110,'active'),(2454,985,110,'active'),(2455,986,110,'active'),(2456,987,110,'active'),(2457,988,110,'active'),(2458,989,110,'active'),(2459,990,110,'active'),(2460,991,110,'active'),(2461,992,110,'active'),(2462,993,110,'active'),(2463,994,110,'active'),(2464,995,110,'active'),(2465,996,110,'active'),(2466,997,110,'active'),(2467,998,110,'active'),(2468,999,110,'active'),(2469,1000,110,'active'),(2470,1001,110,'active'),(2471,1002,110,'active'),(2472,1003,110,'active'),(2473,1004,110,'active'),(2474,1005,110,'active'),(2475,1006,110,'active'),(2476,947,134,'active'),(2478,949,134,'active'),(2479,950,134,'active'),(2480,951,134,'active'),(2481,952,134,'active'),(2482,953,134,'active'),(2483,954,134,'active'),(2484,955,134,'active'),(2485,956,134,'active'),(2486,957,134,'active'),(2487,958,134,'active'),(2488,959,134,'active'),(2489,960,134,'active'),(2490,961,134,'active'),(2491,962,134,'active'),(2492,963,134,'active'),(2493,964,134,'active'),(2494,965,134,'active'),(2495,966,134,'active'),(2496,967,134,'active'),(2497,968,134,'active'),(2498,969,134,'active'),(2499,970,134,'active'),(2500,971,134,'active'),(2501,972,134,'active'),(2502,973,134,'active'),(2503,974,134,'active'),(2504,975,134,'active'),(2505,976,134,'active'),(2506,977,134,'active'),(2507,978,134,'active'),(2508,979,134,'active'),(2509,980,134,'active'),(2510,981,134,'active'),(2511,982,134,'active'),(2512,983,134,'active'),(2513,984,134,'active'),(2514,985,134,'active'),(2515,986,134,'active'),(2516,987,134,'active'),(2517,988,134,'active'),(2518,989,134,'active'),(2519,990,134,'active'),(2520,991,134,'active'),(2521,992,134,'active'),(2522,993,134,'active'),(2523,994,134,'active'),(2524,995,134,'active'),(2525,996,134,'active'),(2526,997,134,'active'),(2527,998,134,'active'),(2528,999,134,'active'),(2529,1000,134,'active'),(2530,1001,134,'active'),(2531,1002,134,'active'),(2532,1003,134,'active'),(2533,1004,134,'active'),(2534,1005,134,'active'),(2535,1006,134,'active'),(2596,1007,89,'active'),(2597,1008,89,'active'),(2598,1009,89,'active'),(2599,1010,89,'active'),(2600,1011,89,'active'),(2601,1012,89,'active'),(2602,1013,89,'active'),(2603,1014,89,'active'),(2604,1015,89,'active'),(2605,1016,89,'active'),(2606,1017,89,'active'),(2607,1018,89,'active'),(2608,1019,89,'active'),(2609,1020,89,'active'),(2610,1021,89,'active'),(2611,1022,89,'active'),(2612,1023,89,'active'),(2613,1024,89,'active'),(2614,1025,89,'active'),(2615,1026,89,'active'),(2616,1027,89,'active'),(2617,1028,89,'active'),(2618,1029,89,'active'),(2619,1030,89,'active'),(2620,1031,89,'active'),(2621,1032,89,'active'),(2622,1033,89,'active'),(2623,1034,89,'active'),(2624,1035,89,'active'),(2625,1036,89,'active'),(2626,1037,89,'active'),(2627,1038,89,'active'),(2628,1039,89,'active'),(2629,1040,89,'active'),(2630,1041,89,'active'),(2631,1042,89,'active'),(2632,1043,89,'active'),(2633,1044,89,'active'),(2634,1045,89,'active'),(2635,1046,89,'active'),(2636,1047,89,'active'),(2637,1048,89,'active'),(2638,1049,89,'active'),(2639,1050,89,'active'),(2640,1051,89,'active'),(2641,1052,89,'active'),(2642,1053,89,'active'),(2643,1054,89,'active'),(2644,1055,89,'active'),(2645,1056,89,'active'),(2646,1057,89,'active'),(2647,1058,89,'active'),(2648,1059,89,'active'),(2649,1060,89,'active'),(2650,1061,89,'active'),(2651,1062,89,'active'),(2652,1063,89,'active'),(2653,1064,89,'active'),(2654,1065,89,'active'),(2655,1066,89,'active'),(2656,1007,99,'active'),(2657,1008,99,'active'),(2658,1009,99,'active'),(2659,1010,99,'active'),(2660,1011,99,'active'),(2661,1012,99,'active'),(2662,1013,99,'active'),(2663,1014,99,'active'),(2664,1015,99,'active'),(2665,1016,99,'active'),(2666,1017,99,'active'),(2667,1018,99,'active'),(2668,1019,99,'active'),(2669,1020,99,'active'),(2670,1021,99,'active'),(2671,1022,99,'active'),(2672,1023,99,'active'),(2673,1024,99,'active'),(2674,1025,99,'active'),(2675,1026,99,'active'),(2676,1027,99,'active'),(2677,1028,99,'active'),(2678,1029,99,'active'),(2679,1030,99,'active'),(2680,1031,99,'active'),(2681,1032,99,'active'),(2682,1033,99,'active'),(2683,1034,99,'active'),(2684,1035,99,'active'),(2685,1036,99,'active'),(2686,1037,99,'active'),(2687,1038,99,'active'),(2688,1039,99,'active'),(2689,1040,99,'active'),(2690,1041,99,'active'),(2691,1042,99,'active'),(2692,1043,99,'active'),(2693,1044,99,'active'),(2694,1045,99,'active'),(2695,1046,99,'active'),(2696,1047,99,'active'),(2697,1048,99,'active'),(2698,1049,99,'active'),(2699,1050,99,'active'),(2700,1051,99,'active'),(2701,1052,99,'active'),(2702,1053,99,'active'),(2703,1054,99,'active'),(2704,1055,99,'active'),(2705,1056,99,'active'),(2706,1057,99,'active'),(2707,1058,99,'active'),(2708,1059,99,'active'),(2709,1060,99,'active'),(2710,1061,99,'active'),(2711,1062,99,'active'),(2712,1063,99,'active'),(2713,1064,99,'active'),(2714,1065,99,'active'),(2715,1066,99,'active'),(2716,1007,114,'active'),(2717,1008,114,'active'),(2718,1009,114,'active'),(2719,1010,114,'active'),(2720,1011,114,'active'),(2721,1012,114,'active'),(2722,1013,114,'active'),(2723,1014,114,'active'),(2724,1015,114,'active'),(2725,1016,114,'active'),(2726,1017,114,'active'),(2727,1018,114,'active'),(2728,1019,114,'active'),(2729,1020,114,'active'),(2730,1021,114,'active'),(2731,1022,114,'active'),(2732,1023,114,'active'),(2733,1024,114,'active'),(2734,1025,114,'active'),(2735,1026,114,'active'),(2736,1027,114,'active'),(2737,1028,114,'active'),(2738,1029,114,'active'),(2739,1030,114,'active'),(2740,1031,114,'active'),(2741,1032,114,'active'),(2742,1033,114,'active'),(2743,1034,114,'active'),(2744,1035,114,'active'),(2745,1036,114,'active'),(2746,1037,114,'active'),(2747,1038,114,'active'),(2748,1039,114,'active'),(2749,1040,114,'active'),(2750,1041,114,'active'),(2751,1042,114,'active'),(2752,1043,114,'active'),(2753,1044,114,'active'),(2754,1045,114,'active'),(2755,1046,114,'active'),(2756,1047,114,'active'),(2757,1048,114,'active'),(2758,1049,114,'active'),(2759,1050,114,'active'),(2760,1051,114,'active'),(2761,1052,114,'active'),(2762,1053,114,'active'),(2763,1054,114,'active'),(2764,1055,114,'active'),(2765,1056,114,'active'),(2766,1057,114,'active'),(2767,1058,114,'active'),(2768,1059,114,'active'),(2769,1060,114,'active'),(2770,1061,114,'active'),(2771,1062,114,'active'),(2772,1063,114,'active'),(2773,1064,114,'active'),(2774,1065,114,'active'),(2775,1066,114,'active'),(2776,1007,185,'active'),(2777,1008,185,'active'),(2778,1009,185,'active'),(2779,1010,185,'active'),(2780,1011,185,'active'),(2781,1012,185,'active'),(2782,1013,185,'active'),(2783,1014,185,'active'),(2784,1015,185,'active'),(2785,1016,185,'active'),(2786,1017,185,'active'),(2787,1018,185,'active'),(2788,1019,185,'active'),(2789,1020,185,'active'),(2790,1021,185,'active'),(2791,1022,185,'active'),(2792,1023,185,'active'),(2793,1024,185,'active'),(2794,1025,185,'active'),(2795,1026,185,'active'),(2796,1027,185,'active'),(2797,1028,185,'active'),(2798,1029,185,'active'),(2799,1030,185,'active'),(2800,1031,185,'active'),(2801,1032,185,'active'),(2802,1033,185,'active'),(2803,1034,185,'active'),(2804,1035,185,'active'),(2805,1036,185,'active'),(2806,1037,185,'active'),(2807,1038,185,'active'),(2808,1039,185,'active'),(2809,1040,185,'active'),(2810,1041,185,'active'),(2811,1042,185,'active'),(2812,1043,185,'active'),(2813,1044,185,'active'),(2814,1045,185,'active'),(2815,1046,185,'active'),(2816,1047,185,'active'),(2817,1048,185,'active'),(2818,1049,185,'active'),(2819,1050,185,'active'),(2820,1051,185,'active'),(2821,1052,185,'active'),(2822,1053,185,'active'),(2823,1054,185,'active'),(2824,1055,185,'active'),(2825,1056,185,'active'),(2826,1057,185,'active'),(2827,1058,185,'active'),(2828,1059,185,'active'),(2829,1060,185,'active'),(2830,1061,185,'active'),(2831,1062,185,'active'),(2832,1063,185,'active'),(2833,1064,185,'active'),(2834,1065,185,'active'),(2835,1066,185,'active'),(2836,1067,98,'active'),(2837,1068,98,'active'),(2838,1069,98,'active'),(2839,1070,98,'active'),(2840,1071,98,'active'),(2841,1072,98,'active'),(2842,1073,98,'active'),(2843,1074,98,'active'),(2844,1075,98,'active'),(2845,1076,98,'active'),(2846,1077,98,'active'),(2847,1078,98,'active'),(2848,1079,98,'active'),(2849,1080,98,'active'),(2850,1081,98,'active'),(2851,1082,98,'active'),(2852,1083,98,'active'),(2853,1084,98,'active'),(2854,1085,98,'active'),(2855,1086,98,'active'),(2856,1087,98,'active'),(2857,1088,98,'active'),(2858,1089,98,'active'),(2859,1090,98,'active'),(2860,1091,98,'active'),(2861,1092,98,'active'),(2862,1093,98,'active'),(2863,1094,98,'active'),(2864,1095,98,'active'),(2865,1096,98,'active'),(2866,1097,98,'active'),(2867,1098,98,'active'),(2868,1099,98,'active'),(2869,1100,98,'active'),(2870,1101,98,'active'),(2871,1102,98,'active'),(2872,1103,98,'active'),(2873,1104,98,'active'),(2874,1105,98,'active'),(2875,1106,98,'active'),(2876,1107,98,'active'),(2877,1108,98,'active'),(2878,1109,98,'active'),(2879,1110,98,'active'),(2880,1111,98,'active'),(2881,1112,98,'active'),(2882,1113,98,'active'),(2883,1114,98,'active'),(2884,1115,98,'active'),(2885,1116,98,'active'),(2886,1117,98,'active'),(2887,1118,98,'active'),(2888,1119,98,'active'),(2889,1120,98,'active'),(2890,1121,98,'active'),(2891,1122,98,'active'),(2892,1123,98,'active'),(2893,1124,98,'active'),(2894,1125,98,'active'),(2895,1126,98,'active'),(2896,1127,98,'active'),(2897,1128,98,'active'),(2898,1129,98,'active'),(2899,1130,98,'active'),(2900,1131,98,'active'),(2901,1132,98,'active'),(2902,1133,98,'active'),(2903,1134,98,'active'),(2904,1135,98,'active'),(2905,1136,98,'active'),(2906,1067,101,'active'),(2907,1068,101,'active'),(2908,1069,101,'active'),(2909,1070,101,'active'),(2910,1071,101,'active'),(2911,1072,101,'active'),(2912,1073,101,'active'),(2913,1074,101,'active'),(2914,1075,101,'active'),(2915,1076,101,'active'),(2916,1077,101,'active'),(2917,1078,101,'active'),(2918,1079,101,'active'),(2919,1080,101,'active'),(2920,1081,101,'active'),(2921,1082,101,'active'),(2922,1083,101,'active'),(2923,1084,101,'active'),(2924,1085,101,'active'),(2925,1086,101,'active'),(2926,1087,101,'active'),(2927,1088,101,'active'),(2928,1089,101,'active'),(2929,1090,101,'active'),(2930,1091,101,'active'),(2931,1092,101,'active'),(2932,1093,101,'active'),(2933,1094,101,'active'),(2934,1095,101,'active'),(2935,1096,101,'active'),(2936,1097,101,'active'),(2937,1098,101,'active'),(2938,1099,101,'active'),(2939,1100,101,'active'),(2940,1101,101,'active'),(2941,1102,101,'active'),(2942,1103,101,'active'),(2943,1104,101,'active'),(2944,1105,101,'active'),(2945,1106,101,'active'),(2946,1107,101,'active'),(2947,1108,101,'active'),(2948,1109,101,'active'),(2949,1110,101,'active'),(2950,1111,101,'active'),(2951,1112,101,'active'),(2952,1113,101,'active'),(2953,1114,101,'active'),(2954,1115,101,'active'),(2955,1116,101,'active'),(2956,1117,101,'active'),(2957,1118,101,'active'),(2958,1119,101,'active'),(2959,1120,101,'active'),(2960,1121,101,'active'),(2961,1122,101,'active'),(2962,1123,101,'active'),(2963,1124,101,'active'),(2964,1125,101,'active'),(2965,1126,101,'active'),(2966,1127,101,'active'),(2967,1128,101,'active'),(2968,1129,101,'active'),(2969,1130,101,'active'),(2970,1131,101,'active'),(2971,1132,101,'active'),(2972,1133,101,'active'),(2973,1134,101,'active'),(2974,1135,101,'active'),(2975,1136,101,'active'),(2976,1067,111,'active'),(2977,1068,111,'active'),(2978,1069,111,'active'),(2979,1070,111,'active'),(2980,1071,111,'active'),(2981,1072,111,'active'),(2982,1073,111,'active'),(2983,1074,111,'active'),(2984,1075,111,'active'),(2985,1076,111,'active'),(2986,1077,111,'active'),(2987,1078,111,'active'),(2988,1079,111,'active'),(2989,1080,111,'active'),(2990,1081,111,'active'),(2991,1082,111,'active'),(2992,1083,111,'active'),(2993,1084,111,'active'),(2994,1085,111,'active'),(2995,1086,111,'active'),(2996,1087,111,'active'),(2997,1088,111,'active'),(2998,1089,111,'active'),(2999,1090,111,'active'),(3000,1091,111,'active'),(3001,1092,111,'active'),(3002,1093,111,'active'),(3003,1094,111,'active'),(3004,1095,111,'active'),(3005,1096,111,'active'),(3006,1097,111,'active'),(3007,1098,111,'active'),(3008,1099,111,'active'),(3009,1100,111,'active'),(3010,1101,111,'active'),(3011,1102,111,'active'),(3012,1103,111,'active'),(3013,1104,111,'active'),(3014,1105,111,'active'),(3015,1106,111,'active'),(3016,1107,111,'active'),(3017,1108,111,'active'),(3018,1109,111,'active'),(3019,1110,111,'active'),(3020,1111,111,'active'),(3021,1112,111,'active'),(3022,1113,111,'active'),(3023,1114,111,'active'),(3024,1115,111,'active'),(3025,1116,111,'active'),(3026,1117,111,'active'),(3027,1118,111,'active'),(3028,1119,111,'active'),(3029,1120,111,'active'),(3030,1121,111,'active'),(3031,1122,111,'active'),(3032,1123,111,'active'),(3033,1124,111,'active'),(3034,1125,111,'active'),(3035,1126,111,'active'),(3036,1127,111,'active'),(3037,1128,111,'active'),(3038,1129,111,'active'),(3039,1130,111,'active'),(3040,1131,111,'active'),(3041,1132,111,'active'),(3042,1133,111,'active'),(3043,1134,111,'active'),(3044,1135,111,'active'),(3045,1136,111,'active'),(3046,1067,180,'active'),(3047,1068,180,'active'),(3048,1069,180,'active'),(3049,1070,180,'active'),(3050,1071,180,'active'),(3051,1072,180,'active'),(3052,1073,180,'active'),(3053,1074,180,'active'),(3054,1075,180,'active'),(3055,1076,180,'active'),(3056,1077,180,'active'),(3057,1078,180,'active'),(3058,1079,180,'active'),(3059,1080,180,'active'),(3060,1081,180,'active'),(3061,1082,180,'active'),(3062,1083,180,'active'),(3063,1084,180,'active'),(3064,1085,180,'active'),(3065,1086,180,'active'),(3066,1087,180,'active'),(3067,1088,180,'active'),(3068,1089,180,'active'),(3069,1090,180,'active'),(3070,1091,180,'active'),(3071,1092,180,'active'),(3072,1093,180,'active'),(3073,1094,180,'active'),(3074,1095,180,'active'),(3075,1096,180,'active'),(3076,1097,180,'active'),(3077,1098,180,'active'),(3078,1099,180,'active'),(3079,1100,180,'active'),(3080,1101,180,'active'),(3081,1102,180,'active'),(3082,1103,180,'active'),(3083,1104,180,'active'),(3084,1105,180,'active'),(3085,1106,180,'active'),(3086,1107,180,'active'),(3087,1108,180,'active'),(3088,1109,180,'active'),(3089,1110,180,'active'),(3090,1111,180,'active'),(3091,1112,180,'active'),(3092,1113,180,'active'),(3093,1114,180,'active'),(3094,1115,180,'active'),(3095,1116,180,'active'),(3096,1117,180,'active'),(3097,1118,180,'active'),(3098,1119,180,'active'),(3099,1120,180,'active'),(3100,1121,180,'active'),(3101,1122,180,'active'),(3102,1123,180,'active'),(3103,1124,180,'active'),(3104,1125,180,'active'),(3105,1126,180,'active'),(3106,1127,180,'active'),(3107,1128,180,'active'),(3108,1129,180,'active'),(3109,1130,180,'active'),(3110,1131,180,'active'),(3111,1132,180,'active'),(3112,1133,180,'active'),(3113,1134,180,'active'),(3114,1135,180,'active'),(3115,1136,180,'active'),(3116,1137,89,'active'),(3117,1138,89,'active'),(3118,1139,89,'active'),(3119,1140,89,'active'),(3120,1141,89,'active'),(3121,1142,89,'active'),(3122,1143,89,'active'),(3123,1144,89,'active'),(3124,1145,89,'active'),(3125,1146,89,'active'),(3126,1147,89,'active'),(3127,1148,89,'active'),(3128,1149,89,'active'),(3129,1150,89,'active'),(3130,1151,89,'active'),(3131,1152,89,'active'),(3132,1153,89,'active'),(3133,1154,89,'active'),(3134,1155,89,'active'),(3135,1156,89,'active'),(3136,1157,89,'active'),(3137,1158,89,'unknown'),(3138,1159,89,'issue'),(3139,1160,89,'unknown'),(3140,1161,90,'unknown'),(3141,1162,89,'unknown'),(3142,1163,90,'unknown'),(3143,1164,89,'active'),(3144,1165,89,'issue'),(3145,1166,89,'unknown'),(3146,1137,99,'active'),(3147,1138,99,'active'),(3148,1139,99,'active'),(3149,1140,99,'active'),(3150,1141,99,'active'),(3151,1142,99,'active'),(3152,1143,99,'active'),(3153,1144,99,'active'),(3154,1145,99,'active'),(3155,1146,99,'active'),(3156,1147,99,'active'),(3157,1148,99,'active'),(3158,1149,99,'active'),(3159,1150,99,'active'),(3160,1151,99,'active'),(3161,1152,99,'active'),(3162,1153,99,'active'),(3163,1154,99,'active'),(3164,1155,99,'active'),(3165,1156,99,'active'),(3166,1157,99,'active'),(3167,1158,99,'unknown'),(3168,1159,99,'issue'),(3169,1160,99,'unknown'),(3170,1161,99,'unknown'),(3171,1162,104,'unknown'),(3172,1163,99,'unknown'),(3173,1164,99,'active'),(3174,1165,99,'active'),(3175,1166,99,'unknown'),(3176,1137,109,'active'),(3177,1138,109,'active'),(3178,1139,109,'active'),(3179,1140,109,'active'),(3180,1141,109,'active'),(3181,1142,109,'active'),(3182,1143,109,'active'),(3183,1144,109,'active'),(3184,1145,109,'active'),(3185,1146,109,'active'),(3186,1147,109,'active'),(3187,1148,109,'active'),(3188,1149,109,'active'),(3189,1150,109,'active'),(3190,1151,109,'active'),(3191,1152,109,'active'),(3192,1153,109,'active'),(3193,1154,109,'active'),(3194,1155,109,'active'),(3195,1156,109,'active'),(3196,1157,109,'active'),(3197,1158,109,'unknown'),(3198,1159,109,'active'),(3199,1160,109,'unknown'),(3200,1161,109,'unknown'),(3201,1162,109,'unknown'),(3202,1163,109,'unknown'),(3203,1164,109,'active'),(3204,1165,109,'active'),(3205,1166,109,'unknown'),(3206,1137,184,'active'),(3207,1138,184,'active'),(3208,1139,184,'active'),(3209,1140,184,'active'),(3210,1141,184,'active'),(3211,1142,184,'active'),(3212,1143,184,'active'),(3213,1144,184,'active'),(3214,1145,184,'active'),(3215,1146,184,'active'),(3216,1147,184,'active'),(3217,1148,184,'active'),(3218,1149,184,'active'),(3219,1150,184,'active'),(3220,1151,184,'active'),(3221,1152,184,'active'),(3222,1153,184,'active'),(3223,1154,184,'active'),(3224,1155,184,'active'),(3225,1156,184,'active'),(3226,1157,184,'active'),(3227,1158,184,'unknown'),(3228,1159,184,'active'),(3229,1160,184,'unknown'),(3230,1161,184,'unknown'),(3231,1162,184,'unknown'),(3232,1163,184,'unknown'),(3233,1164,184,'active'),(3234,1165,184,'active'),(3235,1166,184,'unknown'),(5198,948,105,'active');
/*!40000 ALTER TABLE `computer_devices` ENABLE KEYS */;
UNLOCK TABLES;

--
-- Table structure for table `computer_software`
--

DROP TABLE IF EXISTS `computer_software`;
/*!40101 SET @saved_cs_client     = @@character_set_client */;
/*!50503 SET character_set_client = utf8mb4 */;
CREATE TABLE `computer_software` (
  `computer_software_id` int NOT NULL AUTO_INCREMENT,
  `computer_id` int DEFAULT NULL,
  `software_id` int DEFAULT NULL,
  `status` enum('active','issue','installing') DEFAULT NULL,
  PRIMARY KEY (`computer_software_id`),
  UNIQUE KEY `computer_software_id` (`computer_software_id`),
  KEY `computer_id` (`computer_id`),
  KEY `software_id` (`software_id`),
  CONSTRAINT `computer_software_ibfk_1` FOREIGN KEY (`computer_id`) REFERENCES `computers` (`computer_id`),
  CONSTRAINT `computer_software_ibfk_2` FOREIGN KEY (`software_id`) REFERENCES `software` (`software_id`)
) ENGINE=InnoDB AUTO_INCREMENT=1640 DEFAULT CHARSET=utf8mb4 COLLATE=utf8mb4_0900_ai_ci;
/*!40101 SET character_set_client = @saved_cs_client */;

--
-- Dumping data for table `computer_software`
--

LOCK TABLES `computer_software` WRITE;
/*!40000 ALTER TABLE `computer_software` DISABLE KEYS */;
INSERT INTO `computer_software` VALUES (997,947,13,'active'),(998,948,13,'active'),(999,949,13,'active'),(1000,950,13,'active'),(1001,951,13,'active'),(1002,952,13,'active'),(1003,953,13,'active'),(1004,954,13,'active'),(1005,955,13,'active'),(1006,956,13,'active'),(1007,957,13,'active'),(1008,958,13,'active'),(1009,959,13,'active'),(1010,960,13,'active'),(1011,961,13,'active'),(1012,962,13,'active'),(1013,963,13,'active'),(1014,964,13,'active'),(1015,965,13,'active'),(1016,966,13,'active'),(1017,967,13,'active'),(1018,968,13,'active'),(1019,969,13,'active'),(1020,970,13,'active'),(1021,971,13,'active'),(1022,972,13,'active'),(1023,973,13,'active'),(1024,974,13,'active'),(1025,975,13,'active'),(1026,976,13,'active'),(1027,977,13,'active'),(1028,978,13,'active'),(1029,979,13,'active'),(1030,980,13,'active'),(1031,981,13,'active'),(1032,982,13,'active'),(1033,983,13,'active'),(1034,984,13,'active'),(1035,985,13,'active'),(1036,986,13,'active'),(1037,987,13,'active'),(1038,988,13,'active'),(1039,989,13,'active'),(1040,990,13,'active'),(1041,991,13,'active'),(1042,992,13,'active'),(1043,993,13,'active'),(1044,994,13,'active'),(1045,995,13,'active'),(1046,996,13,'active'),(1047,997,13,'active'),(1048,998,13,'active'),(1049,999,13,'active'),(1050,1000,13,'active'),(1051,1001,13,'active'),(1052,1002,13,'active'),(1053,1003,13,'active'),(1054,1004,13,'active'),(1055,1005,13,'active'),(1056,1006,13,'active'),(1057,947,14,'active'),(1058,948,14,'active'),(1059,949,14,'active'),(1060,950,14,'active'),(1061,951,14,'active'),(1062,952,14,'active'),(1063,953,14,'active'),(1064,954,14,'active'),(1065,955,14,'active'),(1066,956,14,'active'),(1067,957,14,'active'),(1068,958,14,'active'),(1069,959,14,'active'),(1070,960,14,'active'),(1071,961,14,'active'),(1072,962,14,'active'),(1073,963,14,'active'),(1074,964,14,'active'),(1075,965,14,'active'),(1076,966,14,'active'),(1077,967,14,'active'),(1078,968,14,'active'),(1079,969,14,'active'),(1080,970,14,'active'),(1081,971,14,'active'),(1082,972,14,'active'),(1083,973,14,'active'),(1084,974,14,'active'),(1085,975,14,'active'),(1086,976,14,'active'),(1087,977,14,'active'),(1088,978,14,'active'),(1089,979,14,'active'),(1090,980,14,'active'),(1091,981,14,'active'),(1092,982,14,'active'),(1093,983,14,'active'),(1094,984,14,'active'),(1095,985,14,'active'),(1096,986,14,'active'),(1097,987,14,'active'),(1098,988,14,'active'),(1099,989,14,'active'),(1100,990,14,'active'),(1101,991,14,'active'),(1102,992,14,'active'),(1103,993,14,'active'),(1104,994,14,'active'),(1105,995,14,'active'),(1106,996,14,'active'),(1107,997,14,'active'),(1108,998,14,'active'),(1109,999,14,'active'),(1110,1000,14,'active'),(1111,1001,14,'active'),(1112,1002,14,'active'),(1113,1003,14,'active'),(1114,1004,14,'active'),(1115,1005,14,'active'),(1116,1006,14,'active'),(1117,947,15,'active'),(1119,949,15,'active'),(1120,950,15,'active'),(1121,951,15,'active'),(1122,952,15,'active'),(1123,953,15,'active'),(1124,954,15,'active'),(1125,955,15,'active'),(1126,956,15,'active'),(1127,957,15,'active'),(1128,958,15,'active'),(1129,959,15,'active'),(1130,960,15,'active'),(1131,961,15,'active'),(1132,962,15,'active'),(1133,963,15,'active'),(1134,964,15,'active'),(1135,965,15,'active'),(1136,966,15,'active'),(1137,967,15,'active'),(1138,968,15,'active'),(1139,969,15,'active'),(1140,970,15,'active'),(1141,971,15,'active'),(1142,972,15,'active'),(1143,973,15,'active'),(1144,974,15,'active'),(1145,975,15,'active'),(1146,976,15,'active'),(1147,977,15,'active'),(1148,978,15,'active'),(1149,979,15,'active'),(1150,980,15,'active'),(1151,981,15,'active'),(1152,982,15,'active'),(1153,983,15,'active'),(1154,984,15,'active'),(1155,985,15,'active'),(1156,986,15,'active'),(1157,987,15,'active'),(1158,988,15,'active'),(1159,989,15,'active'),(1160,990,15,'active'),(1161,991,15,'active'),(1162,992,15,'active'),(1163,993,15,'active'),(1164,994,15,'active'),(1165,995,15,'active'),(1166,996,15,'active'),(1167,997,15,'active'),(1168,998,15,'active'),(1169,999,15,'active'),(1170,1000,15,'active'),(1171,1001,15,'active'),(1172,1002,15,'active'),(1173,1003,15,'active'),(1174,1004,15,'active'),(1175,1005,15,'active'),(1176,1006,15,'active'),(1177,1007,16,'active'),(1178,1008,16,'active'),(1179,1009,16,'active'),(1180,1010,16,'active'),(1181,1011,16,'active'),(1182,1012,16,'active'),(1183,1013,16,'active'),(1184,1014,16,'active'),(1185,1015,16,'active'),(1186,1016,16,'active'),(1187,1017,16,'active'),(1188,1018,16,'active'),(1189,1019,16,'active'),(1190,1020,16,'active'),(1191,1021,16,'active'),(1192,1022,16,'active'),(1193,1023,16,'active'),(1194,1024,16,'active'),(1195,1025,16,'active'),(1196,1026,16,'active'),(1197,1027,16,'active'),(1198,1028,16,'active'),(1199,1029,16,'active'),(1200,1030,16,'active'),(1201,1031,16,'active'),(1202,1032,16,'active'),(1203,1033,16,'active'),(1204,1034,16,'active'),(1205,1035,16,'active'),(1206,1036,16,'active'),(1207,1037,16,'active'),(1208,1038,16,'active'),(1209,1039,16,'active'),(1210,1040,16,'active'),(1211,1041,16,'active'),(1212,1042,16,'active'),(1213,1043,16,'active'),(1214,1044,16,'active'),(1215,1045,16,'active'),(1216,1046,16,'active'),(1217,1047,16,'active'),(1218,1048,16,'active'),(1219,1049,16,'active'),(1220,1050,16,'active'),(1221,1051,16,'active'),(1222,1052,16,'active'),(1223,1053,16,'active'),(1224,1054,16,'active'),(1225,1055,16,'active'),(1226,1056,16,'active'),(1227,1057,16,'active'),(1228,1058,16,'active'),(1229,1059,16,'active'),(1230,1060,16,'active'),(1231,1061,16,'active'),(1232,1062,16,'active'),(1233,1063,16,'active'),(1234,1064,16,'active'),(1235,1065,16,'active'),(1236,1066,16,'active'),(1237,1007,13,'active'),(1238,1008,13,'active'),(1239,1009,13,'active'),(1240,1010,13,'active'),(1241,1011,13,'active'),(1242,1012,13,'active'),(1243,1013,13,'active'),(1244,1014,13,'active'),(1245,1015,13,'active'),(1246,1016,13,'active'),(1247,1017,13,'active'),(1248,1018,13,'active'),(1249,1019,13,'active'),(1250,1020,13,'active'),(1251,1021,13,'active'),(1252,1022,13,'active'),(1253,1023,13,'active'),(1254,1024,13,'active'),(1255,1025,13,'active'),(1256,1026,13,'active'),(1257,1027,13,'active'),(1258,1028,13,'active'),(1259,1029,13,'active'),(1260,1030,13,'active'),(1261,1031,13,'active'),(1262,1032,13,'active'),(1263,1033,13,'active'),(1264,1034,13,'active'),(1265,1035,13,'active'),(1266,1036,13,'active'),(1267,1037,13,'active'),(1268,1038,13,'active'),(1269,1039,13,'active'),(1270,1040,13,'active'),(1271,1041,13,'active'),(1272,1042,13,'active'),(1273,1043,13,'active'),(1274,1044,13,'active'),(1275,1045,13,'active'),(1276,1046,13,'active'),(1277,1047,13,'active'),(1278,1048,13,'active'),(1279,1049,13,'active'),(1280,1050,13,'active'),(1281,1051,13,'active'),(1282,1052,13,'active'),(1283,1053,13,'active'),(1284,1054,13,'active'),(1285,1055,13,'active'),(1286,1056,13,'active'),(1287,1057,13,'active'),(1288,1058,13,'active'),(1289,1059,13,'active'),(1290,1060,13,'active'),(1291,1061,13,'active'),(1292,1062,13,'active'),(1293,1063,13,'active'),(1294,1064,13,'active'),(1295,1065,13,'active'),(1296,1066,13,'active'),(1297,1007,20,'active'),(1298,1008,20,'active'),(1299,1009,20,'active'),(1300,1010,20,'active'),(1301,1011,20,'active'),(1302,1012,20,'active'),(1303,1013,20,'active'),(1304,1014,20,'active'),(1305,1015,20,'active'),(1306,1016,20,'active'),(1307,1017,20,'active'),(1308,1018,20,'active'),(1309,1019,20,'active'),(1310,1020,20,'active'),(1311,1021,20,'active'),(1312,1022,20,'active'),(1313,1023,20,'active'),(1314,1024,20,'active'),(1315,1025,20,'active'),(1316,1026,20,'active'),(1317,1027,20,'active'),(1318,1028,20,'active'),(1319,1029,20,'active'),(1320,1030,20,'active'),(1321,1031,20,'active'),(1322,1032,20,'active'),(1323,1033,20,'active'),(1324,1034,20,'active'),(1325,1035,20,'active'),(1326,1036,20,'active'),(1327,1037,20,'active'),(1328,1038,20,'active'),(1329,1039,20,'active'),(1330,1040,20,'active'),(1331,1041,20,'active'),(1332,1042,20,'active'),(1333,1043,20,'active'),(1334,1044,20,'active'),(1335,1045,20,'active'),(1336,1046,20,'active'),(1337,1047,20,'active'),(1338,1048,20,'active'),(1339,1049,20,'active'),(1340,1050,20,'active'),(1341,1051,20,'active'),(1342,1052,20,'active'),(1343,1053,20,'active'),(1344,1054,20,'active'),(1345,1055,20,'active'),(1346,1056,20,'active'),(1347,1057,20,'active'),(1348,1058,20,'active'),(1349,1059,20,'active'),(1350,1060,20,'active'),(1351,1061,20,'active'),(1352,1062,20,'active'),(1353,1063,20,'active'),(1354,1064,20,'active'),(1355,1065,20,'active'),(1356,1066,20,'active'),(1357,1067,13,'active'),(1358,1068,13,'active'),(1359,1069,13,'active'),(1360,1070,13,'active'),(1361,1071,13,'active'),(1362,1072,13,'active'),(1363,1073,13,'active'),(1364,1074,13,'active'),(1365,1075,13,'active'),(1366,1076,13,'active'),(1367,1077,13,'active'),(1368,1078,13,'active'),(1369,1079,13,'active'),(1370,1080,13,'active'),(1371,1081,13,'active'),(1372,1082,13,'active'),(1373,1083,13,'active'),(1374,1084,13,'active'),(1375,1085,13,'active'),(1376,1086,13,'active'),(1377,1087,13,'active'),(1378,1088,13,'active'),(1379,1089,13,'active'),(1380,1090,13,'active'),(1381,1091,13,'active'),(1382,1092,13,'active'),(1383,1093,13,'active'),(1384,1094,13,'active'),(1385,1095,13,'active'),(1386,1096,13,'active'),(1387,1097,13,'active'),(1388,1098,13,'active'),(1389,1099,13,'active'),(1390,1100,13,'active'),(1391,1101,13,'active'),(1392,1102,13,'active'),(1393,1103,13,'active'),(1394,1104,13,'active'),(1395,1105,13,'active'),(1396,1106,13,'active'),(1397,1107,13,'active'),(1398,1108,13,'active'),(1399,1109,13,'active'),(1400,1110,13,'active'),(1401,1111,13,'active'),(1402,1112,13,'active'),(1403,1113,13,'active'),(1404,1114,13,'active'),(1405,1115,13,'active'),(1406,1116,13,'active'),(1407,1117,13,'active'),(1408,1118,13,'active'),(1409,1119,13,'active'),(1410,1120,13,'active'),(1411,1121,13,'active'),(1412,1122,13,'active'),(1413,1123,13,'active'),(1414,1124,13,'active'),(1415,1125,13,'active'),(1416,1126,13,'active'),(1417,1127,13,'active'),(1418,1128,13,'active'),(1419,1129,13,'active'),(1420,1130,13,'active'),(1421,1131,13,'active'),(1422,1132,13,'active'),(1423,1133,13,'active'),(1424,1134,13,'active'),(1425,1135,13,'active'),(1426,1136,13,'active'),(1427,1067,15,'active'),(1428,1068,15,'active'),(1429,1069,15,'active'),(1430,1070,15,'active'),(1431,1071,15,'active'),(1432,1072,15,'active'),(1433,1073,15,'active'),(1434,1074,15,'active'),(1435,1075,15,'active'),(1436,1076,15,'active'),(1437,1077,15,'active'),(1438,1078,15,'active'),(1439,1079,15,'active'),(1440,1080,15,'active'),(1441,1081,15,'active'),(1442,1082,15,'active'),(1443,1083,15,'active'),(1444,1084,15,'active'),(1445,1085,15,'active'),(1446,1086,15,'active'),(1447,1087,15,'active'),(1448,1088,15,'active'),(1449,1089,15,'active'),(1450,1090,15,'active'),(1451,1091,15,'active'),(1452,1092,15,'active'),(1453,1093,15,'active'),(1454,1094,15,'active'),(1455,1095,15,'active'),(1456,1096,15,'active'),(1457,1097,15,'active'),(1458,1098,15,'active'),(1459,1099,15,'active'),(1460,1100,15,'active'),(1461,1101,15,'active'),(1462,1102,15,'active'),(1463,1103,15,'active'),(1464,1104,15,'active'),(1465,1105,15,'active'),(1466,1106,15,'active'),(1467,1107,15,'active'),(1468,1108,15,'active'),(1469,1109,15,'active'),(1470,1110,15,'active'),(1471,1111,15,'active'),(1472,1112,15,'active'),(1473,1113,15,'active'),(1474,1114,15,'active'),(1475,1115,15,'active'),(1476,1116,15,'active'),(1477,1117,15,'active'),(1478,1118,15,'active'),(1479,1119,15,'active'),(1480,1120,15,'active'),(1481,1121,15,'active'),(1482,1122,15,'active'),(1483,1123,15,'active'),(1484,1124,15,'active'),(1485,1125,15,'active'),(1486,1126,15,'active'),(1487,1127,15,'active'),(1488,1128,15,'active'),(1489,1129,15,'active'),(1490,1130,15,'active'),(1491,1131,15,'active'),(1492,1132,15,'active'),(1493,1133,15,'active'),(1494,1134,15,'active'),(1495,1135,15,'active'),(1496,1136,15,'active'),(1497,1067,16,'active'),(1498,1068,16,'active'),(1499,1069,16,'active'),(1500,1070,16,'active'),(1501,1071,16,'active'),(1502,1072,16,'active'),(1503,1073,16,'active'),(1504,1074,16,'active'),(1505,1075,16,'active'),(1506,1076,16,'active'),(1507,1077,16,'active'),(1508,1078,16,'active'),(1509,1079,16,'active'),(1510,1080,16,'active'),(1511,1081,16,'active'),(1512,1082,16,'active'),(1513,1083,16,'active'),(1514,1084,16,'active'),(1515,1085,16,'active'),(1516,1086,16,'active'),(1517,1087,16,'active'),(1518,1088,16,'active'),(1519,1089,16,'active'),(1520,1090,16,'active'),(1521,1091,16,'active'),(1522,1092,16,'active'),(1523,1093,16,'active'),(1524,1094,16,'active'),(1525,1095,16,'active'),(1526,1096,16,'active'),(1527,1097,16,'active'),(1528,1098,16,'active'),(1529,1099,16,'active'),(1530,1100,16,'active'),(1531,1101,16,'active'),(1532,1102,16,'active'),(1533,1103,16,'active'),(1534,1104,16,'active'),(1535,1105,16,'active'),(1536,1106,16,'active'),(1537,1107,16,'active'),(1538,1108,16,'active'),(1539,1109,16,'active'),(1540,1110,16,'active'),(1541,1111,16,'active'),(1542,1112,16,'active'),(1543,1113,16,'active'),(1544,1114,16,'active'),(1545,1115,16,'active'),(1546,1116,16,'active'),(1547,1117,16,'active'),(1548,1118,16,'active'),(1549,1119,16,'active'),(1550,1120,16,'active'),(1551,1121,16,'active'),(1552,1122,16,'active'),(1553,1123,16,'active'),(1554,1124,16,'active'),(1555,1125,16,'active'),(1556,1126,16,'active'),(1557,1127,16,'active'),(1558,1128,16,'active'),(1559,1129,16,'active'),(1560,1130,16,'active'),(1561,1131,16,'active'),(1562,1132,16,'active'),(1563,1133,16,'active'),(1564,1134,16,'active'),(1565,1135,16,'active'),(1566,1136,16,'active'),(1567,1067,20,'active'),(1568,1068,20,'active'),(1569,1069,20,'active'),(1570,1070,20,'active'),(1571,1071,20,'active'),(1572,1072,20,'active'),(1573,1073,20,'active'),(1574,1074,20,'active'),(1575,1075,20,'active'),(1576,1076,20,'active'),(1577,1077,20,'active'),(1578,1078,20,'active'),(1579,1079,20,'active'),(1580,1080,20,'active'),(1581,1081,20,'active'),(1582,1082,20,'active'),(1583,1083,20,'active'),(1584,1084,20,'active'),(1585,1085,20,'active'),(1586,1086,20,'active'),(1587,1087,20,'active'),(1588,1088,20,'active'),(1589,1089,20,'active'),(1590,1090,20,'active'),(1591,1091,20,'active'),(1592,1092,20,'active'),(1593,1093,20,'active'),(1594,1094,20,'active'),(1595,1095,20,'active'),(1596,1096,20,'active'),(1597,1097,20,'active'),(1598,1098,20,'active'),(1599,1099,20,'active'),(1600,1100,20,'active'),(1601,1101,20,'active'),(1602,1102,20,'active'),(1603,1103,20,'active'),(1604,1104,20,'active'),(1605,1105,20,'active'),(1606,1106,20,'active'),(1607,1107,20,'active'),(1608,1108,20,'active'),(1609,1109,20,'active'),(1610,1110,20,'active'),(1611,1111,20,'active'),(1612,1112,20,'active'),(1613,1113,20,'active'),(1614,1114,20,'active'),(1615,1115,20,'active'),(1616,1116,20,'active'),(1617,1117,20,'active'),(1618,1118,20,'active'),(1619,1119,20,'active'),(1620,1120,20,'active'),(1621,1121,20,'active'),(1622,1122,20,'active'),(1623,1123,20,'active'),(1624,1124,20,'active'),(1625,1125,20,'active'),(1626,1126,20,'active'),(1627,1127,20,'active'),(1628,1128,20,'active'),(1629,1129,20,'active'),(1630,1130,20,'active'),(1631,1131,20,'active'),(1632,1132,20,'active'),(1633,1133,20,'active'),(1634,1134,20,'active'),(1635,1135,20,'active'),(1636,1136,20,'active'),(1637,948,21,'active');
/*!40000 ALTER TABLE `computer_software` ENABLE KEYS */;
UNLOCK TABLES;

--
-- Table structure for table `computers`
--

DROP TABLE IF EXISTS `computers`;
/*!40101 SET @saved_cs_client     = @@character_set_client */;
/*!50503 SET character_set_client = utf8mb4 */;
CREATE TABLE `computers` (
  `computer_id` int NOT NULL AUTO_INCREMENT,
  `computer_name` varchar(255) DEFAULT NULL,
  `room_id` int DEFAULT NULL,
  PRIMARY KEY (`computer_id`),
  UNIQUE KEY `computer_id` (`computer_id`),
  KEY `room_id` (`room_id`),
  CONSTRAINT `computers_ibfk_1` FOREIGN KEY (`room_id`) REFERENCES `rooms` (`room_id`)
) ENGINE=InnoDB AUTO_INCREMENT=1559 DEFAULT CHARSET=utf8mb4 COLLATE=utf8mb4_0900_ai_ci;
/*!40101 SET character_set_client = @saved_cs_client */;

--
-- Dumping data for table `computers`
--

LOCK TABLES `computers` WRITE;
/*!40000 ALTER TABLE `computers` DISABLE KEYS */;
INSERT INTO `computers` VALUES (947,'M01',72),(948,'M02',72),(949,'M03',72),(950,'M04',72),(951,'M05',72),(952,'M06',72),(953,'M07',72),(954,'M08',72),(955,'M09',72),(956,'M10',72),(957,'M11',72),(958,'M12',72),(959,'M13',72),(960,'M14',72),(961,'M15',72),(962,'M16',72),(963,'M17',72),(964,'M18',72),(965,'M19',72),(966,'M20',72),(967,'M21',72),(968,'M22',72),(969,'M23',72),(970,'M24',72),(971,'M25',72),(972,'M26',72),(973,'M27',72),(974,'M28',72),(975,'M29',72),(976,'M30',72),(977,'M31',72),(978,'M32',72),(979,'M33',72),(980,'M34',72),(981,'M35',72),(982,'M36',72),(983,'M37',72),(984,'M38',72),(985,'M39',72),(986,'M40',72),(987,'M41',72),(988,'M42',72),(989,'M43',72),(990,'M44',72),(991,'M45',72),(992,'M46',72),(993,'M47',72),(994,'M48',72),(995,'M49',72),(996,'M50',72),(997,'M51',72),(998,'M52',72),(999,'M53',72),(1000,'M54',72),(1001,'M55',72),(1002,'M56',72),(1003,'M57',72),(1004,'M58',72),(1005,'M59',72),(1006,'M60',72),(1007,'M01',73),(1008,'M02',73),(1009,'M03',73),(1010,'M04',73),(1011,'M05',73),(1012,'M06',73),(1013,'M07',73),(1014,'M08',73),(1015,'M09',73),(1016,'M10',73),(1017,'M11',73),(1018,'M12',73),(1019,'M13',73),(1020,'M14',73),(1021,'M15',73),(1022,'M16',73),(1023,'M17',73),(1024,'M18',73),(1025,'M19',73),(1026,'M20',73),(1027,'M21',73),(1028,'M22',73),(1029,'M23',73),(1030,'M24',73),(1031,'M25',73),(1032,'M26',73),(1033,'M27',73),(1034,'M28',73),(1035,'M29',73),(1036,'M30',73),(1037,'M31',73),(1038,'M32',73),(1039,'M33',73),(1040,'M34',73),(1041,'M35',73),(1042,'M36',73),(1043,'M37',73),(1044,'M38',73),(1045,'M39',73),(1046,'M40',73),(1047,'M41',73),(1048,'M42',73),(1049,'M43',73),(1050,'M44',73),(1051,'M45',73),(1052,'M46',73),(1053,'M47',73),(1054,'M48',73),(1055,'M49',73),(1056,'M50',73),(1057,'M51',73),(1058,'M52',73),(1059,'M53',73),(1060,'M54',73),(1061,'M55',73),(1062,'M56',73),(1063,'M57',73),(1064,'M58',73),(1065,'M59',73),(1066,'M60',73),(1067,'M01',74),(1068,'M02',74),(1069,'M03',74),(1070,'M04',74),(1071,'M05',74),(1072,'M06',74),(1073,'M07',74),(1074,'M08',74),(1075,'M09',74),(1076,'M10',74),(1077,'M11',74),(1078,'M12',74),(1079,'M13',74),(1080,'M14',74),(1081,'M15',74),(1082,'M16',74),(1083,'M17',74),(1084,'M18',74),(1085,'M19',74),(1086,'M20',74),(1087,'M21',74),(1088,'M22',74),(1089,'M23',74),(1090,'M24',74),(1091,'M25',74),(1092,'M26',74),(1093,'M27',74),(1094,'M28',74),(1095,'M29',74),(1096,'M30',74),(1097,'M31',74),(1098,'M32',74),(1099,'M33',74),(1100,'M34',74),(1101,'M35',74),(1102,'M36',74),(1103,'M37',74),(1104,'M38',74),(1105,'M39',74),(1106,'M40',74),(1107,'M41',74),(1108,'M42',74),(1109,'M43',74),(1110,'M44',74),(1111,'M45',74),(1112,'M46',74),(1113,'M47',74),(1114,'M48',74),(1115,'M49',74),(1116,'M50',74),(1117,'M51',74),(1118,'M52',74),(1119,'M53',74),(1120,'M54',74),(1121,'M55',74),(1122,'M56',74),(1123,'M57',74),(1124,'M58',74),(1125,'M59',74),(1126,'M60',74),(1127,'M61',74),(1128,'M62',74),(1129,'M63',74),(1130,'M64',74),(1131,'M65',74),(1132,'M66',74),(1133,'M67',74),(1134,'M68',74),(1135,'M69',74),(1136,'M70',74),(1137,'M01',75),(1138,'M02',75),(1139,'M03',75),(1140,'M04',75),(1141,'M05',75),(1142,'M06',75),(1143,'M07',75),(1144,'M08',75),(1145,'M09',75),(1146,'M10',75),(1147,'M11',75),(1148,'M12',75),(1149,'M13',75),(1150,'M14',75),(1151,'M15',75),(1152,'M16',75),(1153,'M17',75),(1154,'M18',75),(1155,'M19',75),(1156,'M20',75),(1157,'M21',75),(1158,'M22',75),(1159,'M23',75),(1160,'M24',75),(1161,'M25',75),(1162,'M26',75),(1163,'M27',75),(1164,'M28',75),(1165,'M29',75),(1166,'M30',75);
/*!40000 ALTER TABLE `computers` ENABLE KEYS */;
UNLOCK TABLES;

--
-- Table structure for table `devices`
--

DROP TABLE IF EXISTS `devices`;
/*!40101 SET @saved_cs_client     = @@character_set_client */;
/*!50503 SET character_set_client = utf8mb4 */;
CREATE TABLE `devices` (
  `device_id` int NOT NULL AUTO_INCREMENT,
  `device_name` varchar(255) DEFAULT NULL,
  `device_type` varchar(255) DEFAULT NULL,
  `quantity` int DEFAULT NULL,
  PRIMARY KEY (`device_id`),
  UNIQUE KEY `device_id` (`device_id`)
) ENGINE=InnoDB AUTO_INCREMENT=191 DEFAULT CHARSET=utf8mb4 COLLATE=utf8mb4_0900_ai_ci;
/*!40101 SET character_set_client = @saved_cs_client */;

--
-- Dumping data for table `devices`
--

LOCK TABLES `devices` WRITE;
/*!40000 ALTER TABLE `devices` DISABLE KEYS */;
INSERT INTO `devices` VALUES (89,'Logitech MX Master 3','Chuột',50),(90,'Razer DeathAdder','Chuột',100),(91,'Corsair M65','Chuột',100),(92,'SteelSeries Rival 600','Chuột',105),(93,'ASUS ROG Gladius II','Chuột',300),(94,'Microsoft Sculpt Ergonomic','Chuột',470),(95,'Apple Magic Mouse','Chuột',470),(96,'HP Wireless Mouse','Chuột',500),(97,'Dell Optical','Chuột',500),(98,'Logitech G502 Hero','Chuột',430),(99,'Logitech G Pro','Bàn Phím',410),(100,'Razer BlackWidow','Bàn Phím',500),(101,'Corsair K95 RGB','Bàn Phím',430),(102,'SteelSeries Apex Pro','Bàn Phím',440),(103,'Microsoft Ergonomic','Bàn Phím',500),(104,'ASUS ROG Strix','Bàn Phím',499),(105,'Lenovo ThinkPad','Bàn Phím',499),(106,'Apple Magic Keyboard','Bàn Phím',500),(107,'Dell KB216','Bàn Phím',500),(108,'Keychron K2','Bàn Phím',500),(109,'Dell UltraSharp U2718Q','Màn Hình',470),(110,'LG 27UK850-W','Màn Hình',440),(111,'ASUS ProArt PA278QV','Màn Hình',430),(112,'BenQ PD3200U','Màn Hình',500),(113,'Samsung Odyssey G7','Màn Hình',500),(114,'Acer R240HY','Màn Hình',440),(115,'HP Z27','Màn Hình',500),(116,'AOC U2790PQU','Màn Hình',500),(117,'ViewSonic VP2768','Màn Hình',500),(118,'Lenovo ThinkVision P27h','Màn Hình',500),(119,'Sony WH-1000XM4','Tai Nghe',500),(120,'Bose QuietComfort 35 II','Tai Nghe',500),(121,'Sennheiser HD 598','Tai Nghe',500),(122,'Apple AirPods Pro','Tai Nghe',500),(123,'JBL Tune 750BTNC','Tai Nghe',500),(124,'HyperX Cloud II','Tai Nghe',500),(125,'Razer Nari Ultimate','Tai Nghe',500),(126,'SteelSeries Arctis 7','Tai Nghe',500),(127,'Corsair Void Elite','Tai Nghe',500),(128,'Bang & Olufsen H9i','Tai Nghe',500),(129,'Intel Core i9-10900K','CPU',500),(130,'AMD Ryzen 9 5900X','CPU',500),(131,'Intel Core i7-10700K','CPU',500),(132,'AMD Ryzen 7 5800X','CPU',500),(133,'Intel Core i5-10600K','CPU',500),(134,'AMD Ryzen 5 5600X','CPU',440),(135,'Intel Core i3-10100','CPU',500),(136,'AMD Ryzen 3 3100','CPU',500),(137,'Intel Xeon W-2290','CPU',500),(138,'AMD Threadripper 3990X','CPU',500),(139,'Logitech MX Master 3','Chuột',500),(140,'Razer DeathAdder','Chuột',500),(141,'Corsair M65','Chuột',500),(142,'SteelSeries Rival 600','Chuột',500),(143,'ASUS ROG Gladius II','Chuột',500),(144,'Microsoft Sculpt Ergonomic','Chuột',500),(145,'Apple Magic Mouse','Chuột',500),(146,'HP Wireless Mouse','Chuột',500),(147,'Dell Optical','Chuột',500),(148,'Logitech G502 Hero','Chuột',500),(149,'Logitech G Pro','Bàn Phím',500),(150,'Razer BlackWidow','Bàn Phím',500),(151,'Corsair K95 RGB','Bàn Phím',500),(152,'SteelSeries Apex Pro','Bàn Phím',500),(153,'Microsoft Ergonomic','Bàn Phím',500),(154,'ASUS ROG Strix','Bàn Phím',500),(155,'Lenovo ThinkPad','Bàn Phím',440),(156,'Apple Magic Keyboard','Bàn Phím',500),(157,'Dell KB216','Bàn Phím',500),(158,'Keychron K2','Bàn Phím',500),(159,'Dell UltraSharp U2718Q','Màn Hình',500),(160,'LG 27UK850-W','Màn Hình',500),(161,'ASUS ProArt PA278QV','Màn Hình',500),(162,'BenQ PD3200U','Màn Hình',500),(163,'Samsung Odyssey G7','Màn Hình',500),(164,'Acer R240HY','Màn Hình',500),(165,'HP Z27','Màn Hình',500),(166,'AOC U2790PQU','Màn Hình',500),(167,'ViewSonic VP2768','Màn Hình',500),(168,'Lenovo ThinkVision P27h','Màn Hình',500),(169,'Sony WH-1000XM4','Tai Nghe',500),(170,'Bose QuietComfort 35 II','Tai Nghe',500),(171,'Sennheiser HD 598','Tai Nghe',500),(172,'Apple AirPods Pro','Tai Nghe',500),(173,'JBL Tune 750BTNC','Tai Nghe',500),(174,'HyperX Cloud II','Tai Nghe',500),(175,'Razer Nari Ultimate','Tai Nghe',500),(176,'SteelSeries Arctis 7','Tai Nghe',500),(177,'Corsair Void Elite','Tai Nghe',500),(178,'Bang & Olufsen H9i','Tai Nghe',500),(179,'Intel Core i9-10900K','CPU',500),(180,'AMD Ryzen 9 5900X','CPU',430),(181,'Intel Core i7-10700K','CPU',500),(182,'AMD Ryzen 7 5800X','CPU',500),(183,'Intel Core i5-10600K','CPU',500),(184,'AMD Ryzen 5 5600X','CPU',470),(185,'Intel Core i3-10100','CPU',440),(186,'AMD Ryzen 3 3100','CPU',500),(187,'Intel Xeon W-2290','CPU',500),(188,'AMD Threadripper 3990X','CPU',500);
/*!40000 ALTER TABLE `devices` ENABLE KEYS */;
UNLOCK TABLES;

--
-- Table structure for table `report_items_device`
--

DROP TABLE IF EXISTS `report_items_device`;
/*!40101 SET @saved_cs_client     = @@character_set_client */;
/*!50503 SET character_set_client = utf8mb4 */;
CREATE TABLE `report_items_device` (
  `report_item_id` int NOT NULL AUTO_INCREMENT,
  `report_id` int NOT NULL,
  `computer_device_id` int DEFAULT NULL,
  `reason` varchar(255) DEFAULT NULL,
  PRIMARY KEY (`report_item_id`),
  UNIQUE KEY `report_item_id` (`report_item_id`),
  KEY `report_id` (`report_id`),
  KEY `computer_device_id` (`computer_device_id`),
  CONSTRAINT `report_items_device_ibfk_1` FOREIGN KEY (`report_id`) REFERENCES `reports` (`report_id`),
  CONSTRAINT `report_items_device_ibfk_2` FOREIGN KEY (`computer_device_id`) REFERENCES `computer_devices` (`computer_device_id`)
) ENGINE=InnoDB AUTO_INCREMENT=126 DEFAULT CHARSET=utf8mb4 COLLATE=utf8mb4_0900_ai_ci;
/*!40101 SET character_set_client = @saved_cs_client */;

--
-- Dumping data for table `report_items_device`
--

LOCK TABLES `report_items_device` WRITE;
/*!40000 ALTER TABLE `report_items_device` DISABLE KEYS */;
INSERT INTO `report_items_device` VALUES (34,48,2296,'Không hoạt động'),(35,49,2488,'Không hoạt động'),(36,53,2381,'Không hoạt động'),(37,54,2329,'Không hoạt động'),(38,55,2382,'Không hoạt động'),(39,56,2403,'Không hoạt động'),(40,56,2343,'Không hoạt động'),(41,57,2397,'Không hoạt động'),(42,57,2517,'Không hoạt động'),(44,59,2729,'Không hoạt động'),(45,60,2742,'Không hoạt động'),(46,61,2689,'Không hoạt động'),(47,62,2701,'Không hoạt động'),(48,62,2761,'Không hoạt động'),(49,63,2735,'Không hoạt động'),(50,65,2687,'Không hoạt động'),(51,66,2661,'Không hoạt động'),(52,67,2991,'Không hoạt động'),(53,68,3000,'Không hoạt động'),(54,68,2930,'Không hoạt động'),(55,69,2868,'Không hoạt động'),(56,70,2989,'Không hoạt động'),(57,71,2942,'Không hoạt động'),(58,72,2932,'Không hoạt động'),(59,73,2933,'Không hoạt động'),(60,74,2952,'Không hoạt động'),(61,75,2940,'Không hoạt động'),(62,76,2980,'Không hoạt động'),(63,77,2836,'Không hoạt động'),(64,78,2996,'Không hoạt động'),(65,79,2956,'Không hoạt động'),(66,80,2961,'Không hoạt động'),(67,81,2874,'Không hoạt động'),(114,108,3143,'Không hoạt động'),(115,124,3144,'Không hoạt động'),(116,125,3145,NULL),(117,125,3175,NULL),(118,125,3205,NULL),(119,125,3235,NULL),(120,133,3171,'Không hoạt động'),(121,136,3140,'Không hoạt động'),(122,136,3170,'Không hoạt động'),(123,138,3141,'Không hoạt động'),(124,148,3138,'Liệt'),(125,148,3168,'Không hoạt động');
/*!40000 ALTER TABLE `report_items_device` ENABLE KEYS */;
UNLOCK TABLES;

--
-- Table structure for table `report_items_software`
--

DROP TABLE IF EXISTS `report_items_software`;
/*!40101 SET @saved_cs_client     = @@character_set_client */;
/*!50503 SET character_set_client = utf8mb4 */;
CREATE TABLE `report_items_software` (
  `report_item_id` int NOT NULL AUTO_INCREMENT,
  `report_id` int NOT NULL,
  `computer_software_id` int DEFAULT NULL,
  `reason` varchar(255) DEFAULT NULL,
  PRIMARY KEY (`report_item_id`),
  UNIQUE KEY `report_item_id` (`report_item_id`),
  KEY `report_id` (`report_id`),
  KEY `computer_software_id` (`computer_software_id`),
  CONSTRAINT `report_items_software_ibfk_1` FOREIGN KEY (`report_id`) REFERENCES `reports` (`report_id`),
  CONSTRAINT `report_items_software_ibfk_2` FOREIGN KEY (`computer_software_id`) REFERENCES `computer_software` (`computer_software_id`)
) ENGINE=InnoDB AUTO_INCREMENT=26 DEFAULT CHARSET=utf8mb4 COLLATE=utf8mb4_0900_ai_ci;
/*!40101 SET character_set_client = @saved_cs_client */;

--
-- Dumping data for table `report_items_software`
--

LOCK TABLES `report_items_software` WRITE;
/*!40000 ALTER TABLE `report_items_software` DISABLE KEYS */;
INSERT INTO `report_items_software` VALUES (8,52,1081,'Lỗi');
/*!40000 ALTER TABLE `report_items_software` ENABLE KEYS */;
UNLOCK TABLES;

--
-- Table structure for table `reports`
--

DROP TABLE IF EXISTS `reports`;
/*!40101 SET @saved_cs_client     = @@character_set_client */;
/*!50503 SET character_set_client = utf8mb4 */;
CREATE TABLE `reports` (
  `report_id` int NOT NULL AUTO_INCREMENT,
  `computer_id` int DEFAULT NULL,
  `reporter_id` varchar(255) NOT NULL,
  `expected_completion_date` date DEFAULT NULL,
  `support_id` varchar(255) DEFAULT NULL,
  `submission_date` date NOT NULL,
  `completion_date` date DEFAULT NULL,
  `status` enum('pending','processing','resolved','resolved_late') DEFAULT 'pending',
  `report_type` enum('add','update','report') DEFAULT 'report',
  `late_reason` varchar(255) DEFAULT NULL,
  `assigned_date` date DEFAULT NULL,
  PRIMARY KEY (`report_id`),
  UNIQUE KEY `report_id` (`report_id`),
  KEY `computer_id` (`computer_id`),
  KEY `support_id` (`support_id`),
  KEY `reports_ibfk_2` (`reporter_id`),
  CONSTRAINT `reports_ibfk_1` FOREIGN KEY (`computer_id`) REFERENCES `computers` (`computer_id`),
  CONSTRAINT `reports_ibfk_2` FOREIGN KEY (`reporter_id`) REFERENCES `users` (`id`),
  CONSTRAINT `reports_ibfk_3` FOREIGN KEY (`support_id`) REFERENCES `users` (`id`)
) ENGINE=InnoDB AUTO_INCREMENT=155 DEFAULT CHARSET=utf8mb4 COLLATE=utf8mb4_0900_ai_ci;
/*!40101 SET character_set_client = @saved_cs_client */;

--
-- Dumping data for table `reports`
--

LOCK TABLES `reports` WRITE;
/*!40000 ALTER TABLE `reports` DISABLE KEYS */;
INSERT INTO `reports` VALUES (48,947,'user1','2024-10-25','user3','2024-10-22','2024-10-24','resolved','report',NULL,'2024-10-22'),(49,959,'user1','2024-11-15','user3','2024-11-10','2024-11-16','resolved_late','report','Không có','2024-11-10'),(50,971,'user1','2024-10-06','user3','2024-10-01','2024-10-06','resolved','report',NULL,'2024-10-01'),(51,971,'user1','2024-10-06','user3','2024-10-01','2024-10-06','resolved','report',NULL,'2024-10-01'),(52,971,'user1','2024-10-07','user3','2024-10-02','2024-10-07','resolved','report',NULL,'2024-10-02'),(53,972,'user1','2024-10-08','user3','2024-10-03','2024-10-08','resolved','report',NULL,'2024-10-03'),(54,980,'user1','2024-10-09','user3','2024-10-04','2024-10-09','resolved','report',NULL,'2024-10-04'),(55,973,'user1','2024-10-10','user3','2024-10-05','2024-10-10','resolved','report',NULL,'2024-10-05'),(56,994,'user1','2024-10-11','user3','2024-10-06','2024-10-11','resolved','report',NULL,'2024-10-06'),(57,988,'user1','2024-10-12','user3','2024-10-07','2024-10-12','resolved','report',NULL,'2024-10-07'),(58,1001,'user1','2024-10-13','user3','2024-10-08','2024-10-13','resolved','report',NULL,'2024-10-08'),(59,1020,'user1','2024-10-14','user5','2024-10-09','2024-10-14','resolved','report',NULL,'2024-10-09'),(60,1033,'user1','2024-10-15','user5','2024-10-10','2024-10-15','resolved','report',NULL,'2024-10-10'),(61,1040,'user1','2024-10-16','user5','2024-10-11','2024-10-16','resolved','report',NULL,'2024-10-11'),(62,1052,'user1','2024-10-17','user5','2024-10-12','2024-10-17','resolved','report',NULL,'2024-10-12'),(63,1026,'user1','2024-10-18','user5','2024-10-13','2024-10-18','resolved','report',NULL,'2024-10-13'),(64,1051,'user1','2024-10-19','user5','2024-10-14','2024-10-20','resolved_late','report','Không có','2024-10-14'),(65,1038,'user1','2024-10-20','user5','2024-10-15','2024-10-20','resolved','report',NULL,'2024-10-15'),(66,1012,'user1','2024-10-21','user5','2024-10-16','2024-10-21','resolved','report',NULL,'2024-10-16'),(67,1082,'user1','2024-10-22','user3','2024-10-17','2024-10-22','resolved','report',NULL,'2024-10-17'),(68,1091,'user1','2024-10-23','user3','2024-10-18','2024-10-23','resolved','report',NULL,'2024-10-18'),(69,1099,'user1','2024-10-24','user3','2024-10-19','2024-10-24','resolved','report',NULL,'2024-10-19'),(70,1080,'user1','2024-10-25','user3','2024-10-20','2024-10-25','resolved','report',NULL,'2024-10-20'),(71,1103,'user1','2024-10-26','user3','2024-10-21','2024-10-26','resolved','report',NULL,'2024-10-21'),(72,1093,'user1','2024-10-27','user3','2024-10-22','2024-10-28','resolved_late','report','Không có','2024-10-22'),(73,1094,'user1','2024-10-28','user3','2024-10-23','2024-10-28','resolved','report',NULL,'2024-10-23'),(74,1113,'user1','2024-10-29','user3','2024-10-24','2024-10-29','resolved','report',NULL,'2024-10-24'),(75,1101,'user1','2024-10-30','user3','2024-10-25','2024-10-30','resolved','report',NULL,'2024-10-25'),(76,1071,'user1','2024-10-31','user3','2024-10-26','2024-10-31','resolved','report',NULL,'2024-10-26'),(77,1067,'user1','2024-11-01','user3','2024-10-27','2024-11-01','resolved','report',NULL,'2024-10-27'),(78,1087,'user1','2024-11-02','user3','2024-10-28','2024-11-02','resolved','report',NULL,'2024-10-28'),(79,1117,'user1','2024-11-03','user3','2024-10-29','2024-11-03','resolved','report',NULL,'2024-10-29'),(80,1122,'user1','2024-11-04','user3','2024-10-30','2024-11-04','resolved','report',NULL,'2024-10-30'),(81,1105,'user1','2024-11-05','user3','2024-10-31','2024-11-05','resolved','report',NULL,'2024-10-31'),(108,1164,'user1','2024-11-17','user3','2024-11-15','2024-11-25','resolved_late','report','Không có','2024-11-15'),(111,1165,'user1','2024-11-19','user3','2024-11-19','2024-11-19','processing','report',NULL,'2024-11-19'),(112,1162,'user1',NULL,NULL,'2024-11-20',NULL,'pending','report',NULL,NULL),(113,1162,'user1','2024-11-15',NULL,'2024-11-20',NULL,'pending','report',NULL,NULL),(114,1165,'user1',NULL,NULL,'2024-11-20',NULL,'pending','report',NULL,NULL),(115,1165,'user1',NULL,NULL,'2024-11-20',NULL,'pending','report',NULL,NULL),(116,1165,'user1',NULL,NULL,'2024-11-20',NULL,'pending','report',NULL,NULL),(117,1165,'user1',NULL,NULL,'2024-11-20',NULL,'pending','report',NULL,NULL),(118,1166,'user1',NULL,NULL,'2024-11-20',NULL,'pending','report',NULL,NULL),(119,1166,'user1',NULL,NULL,'2024-11-20',NULL,'pending','report',NULL,NULL),(120,1166,'user1',NULL,NULL,'2024-11-20',NULL,'pending','report',NULL,NULL),(121,1165,'user1',NULL,NULL,'2024-11-20',NULL,'pending','report',NULL,NULL),(122,1165,'user1',NULL,NULL,'2024-11-20',NULL,'pending','report',NULL,NULL),(123,1165,'user1',NULL,NULL,'2024-11-20',NULL,'pending','report',NULL,NULL),(124,1165,'user1',NULL,NULL,'2024-11-20',NULL,'pending','report',NULL,NULL),(125,1166,'user1',NULL,NULL,'2024-11-20',NULL,'pending','report',NULL,NULL),(126,1166,'user1',NULL,NULL,'2024-11-20',NULL,'pending','report',NULL,NULL),(127,1166,'user1',NULL,NULL,'2024-11-20',NULL,'pending','report',NULL,NULL),(128,1166,'user1',NULL,NULL,'2024-11-20',NULL,'pending','report',NULL,NULL),(129,1166,'user1',NULL,NULL,'2024-11-20',NULL,'pending','report',NULL,NULL),(130,1166,'user1',NULL,NULL,'2024-11-20',NULL,'pending','report',NULL,NULL),(131,1166,'user1',NULL,NULL,'2024-11-20',NULL,'pending','report',NULL,NULL),(132,1163,'user1','2024-11-21','user5','2024-11-20','2024-11-20','resolved','report',NULL,'2024-11-20'),(133,1162,'user1','2024-11-21','user3','2024-11-20','2024-11-20','resolved','report',NULL,'2024-11-20'),(134,1163,'user1','2024-11-21','user5','2024-11-20','2024-11-20','resolved','report',NULL,'2024-11-20'),(135,1163,'user1',NULL,NULL,'2024-11-20',NULL,'pending','report',NULL,NULL),(136,1161,'user1','2024-11-21','user3','2024-11-20','2024-11-20','resolved','report',NULL,'2024-11-20'),(137,1162,'user1','2024-11-21','user5','2024-11-20','2024-11-20','resolved','report',NULL,'2024-11-20'),(138,1162,'user1','2024-11-21','user5','2024-11-20','2024-11-20','resolved','report',NULL,'2024-11-20'),(139,1162,'user1','2024-11-26','user3','2024-11-21','2024-11-25','resolved','report',NULL,'2024-11-25'),(140,1136,'user1','2024-11-26','user3','2024-11-25','2024-11-25','resolved','report',NULL,'2024-11-25'),(141,1136,'user1','2024-11-25',NULL,'2024-11-25',NULL,'pending','report',NULL,NULL),(142,1136,'user1','2024-11-25',NULL,'2024-11-25',NULL,'pending','report',NULL,NULL),(143,1136,'user1',NULL,NULL,'2024-11-25',NULL,'pending','report',NULL,NULL),(144,1161,'user1','2024-11-26','user3','2024-11-25',NULL,'processing','report',NULL,'2024-11-25'),(145,1125,'user1','2024-11-26','user3','2024-11-25','2024-11-25','resolved','report',NULL,'2024-11-25'),(146,1125,'user1','2024-11-22',NULL,'2024-11-25',NULL,'pending','report',NULL,NULL),(147,1160,'user1',NULL,NULL,'2024-11-25',NULL,'pending','report',NULL,NULL),(148,1159,'user2','2024-11-26',NULL,'2024-11-25',NULL,'pending','report',NULL,NULL),(149,1164,'user1','2024-11-28','user5','2024-11-27','2024-11-27','resolved','report',NULL,'2024-11-27'),(150,1164,'user1','2024-11-28','user5','2024-11-27','2024-11-27','resolved','report',NULL,'2024-11-27'),(151,1164,'user1','2024-11-28','user5','2024-11-27',NULL,'processing','report',NULL,'2024-11-27'),(152,1164,'user1','2024-11-28','user3','2024-11-27',NULL,'processing','report',NULL,'2024-11-27'),(153,1162,'user1','2024-11-28','user5','2024-11-27',NULL,'processing','report',NULL,'2024-11-27'),(154,1158,'user1','2024-11-30',NULL,'2024-11-27',NULL,'pending','report',NULL,NULL);
/*!40000 ALTER TABLE `reports` ENABLE KEYS */;
UNLOCK TABLES;

--
-- Table structure for table `rooms`
--

DROP TABLE IF EXISTS `rooms`;
/*!40101 SET @saved_cs_client     = @@character_set_client */;
/*!50503 SET character_set_client = utf8mb4 */;
CREATE TABLE `rooms` (
  `room_id` int NOT NULL AUTO_INCREMENT,
  `room_name` varchar(255) DEFAULT NULL,
  `support_id` varchar(255) DEFAULT NULL,
  PRIMARY KEY (`room_id`),
  UNIQUE KEY `room_id` (`room_id`),
  KEY `support_id` (`support_id`),
  CONSTRAINT `rooms_ibfk_1` FOREIGN KEY (`support_id`) REFERENCES `users` (`id`)
) ENGINE=InnoDB AUTO_INCREMENT=85 DEFAULT CHARSET=utf8mb4 COLLATE=utf8mb4_0900_ai_ci;
/*!40101 SET character_set_client = @saved_cs_client */;

--
-- Dumping data for table `rooms`
--

LOCK TABLES `rooms` WRITE;
/*!40000 ALTER TABLE `rooms` DISABLE KEYS */;
INSERT INTO `rooms` VALUES (72,'H1.1.1','user3'),(73,'H2.1.1','user5'),(74,'H3.1.1','user3'),(75,'H8.3','user5');
/*!40000 ALTER TABLE `rooms` ENABLE KEYS */;
UNLOCK TABLES;

--
-- Table structure for table `software`
--

DROP TABLE IF EXISTS `software`;
/*!40101 SET @saved_cs_client     = @@character_set_client */;
/*!50503 SET character_set_client = utf8mb4 */;
CREATE TABLE `software` (
  `software_id` int NOT NULL AUTO_INCREMENT,
  `software_name` varchar(255) DEFAULT NULL,
  `software_version` varchar(255) DEFAULT NULL,
  `expiration_date` date DEFAULT NULL,
  PRIMARY KEY (`software_id`),
  UNIQUE KEY `software_id` (`software_id`)
) ENGINE=InnoDB AUTO_INCREMENT=24 DEFAULT CHARSET=utf8mb4 COLLATE=utf8mb4_0900_ai_ci;
/*!40101 SET character_set_client = @saved_cs_client */;

--
-- Dumping data for table `software`
--

LOCK TABLES `software` WRITE;
/*!40000 ALTER TABLE `software` DISABLE KEYS */;
INSERT INTO `software` VALUES (13,'Microsoft Office 365','2023',NULL),(14,'Adobe Photoshop CC','2022',NULL),(15,'AutoCAD 2023','2023',NULL),(16,'Visual Studio 2022','2022',NULL),(17,'Zoom Video Communications','5.9.1',NULL),(18,'Slack','4.21.0',NULL),(19,'VLC Media Player','3.0.16',NULL),(20,'Notepad++','8.4.9',NULL),(21,'TeamViewer','15.34',NULL),(22,'WinRAR','6.10',NULL);
/*!40000 ALTER TABLE `software` ENABLE KEYS */;
UNLOCK TABLES;

--
-- Table structure for table `users`
--

DROP TABLE IF EXISTS `users`;
/*!40101 SET @saved_cs_client     = @@character_set_client */;
/*!50503 SET character_set_client = utf8mb4 */;
CREATE TABLE `users` (
  `id` varchar(255) NOT NULL,
  `password` varchar(255) DEFAULT NULL,
  `email` varchar(255) DEFAULT NULL,
  `phone_number` varchar(255) DEFAULT NULL,
  `fullname` varchar(255) DEFAULT NULL,
  `role` enum('admin','teacher','support') DEFAULT NULL,
  `status` enum('active','deactive') DEFAULT NULL,
  PRIMARY KEY (`id`),
  UNIQUE KEY `id` (`id`)
) ENGINE=InnoDB DEFAULT CHARSET=utf8mb4 COLLATE=utf8mb4_0900_ai_ci;
/*!40101 SET character_set_client = @saved_cs_client */;

--
-- Dumping data for table `users`
--

LOCK TABLES `users` WRITE;
/*!40000 ALTER TABLE `users` DISABLE KEYS */;
INSERT INTO `users` VALUES ('user1','password1','user1@example.com','123456789','Giảng Thanh Trọn','admin','active'),('user2','password2','user2@gmail.com','1234567890','Nguyễn Văn Thắng','teacher','active'),('user3','password3','user3@example.com','1122334455','Nguyễn Văn Đạt','support','active'),('user4','password4','user4@example.com','5566778899','Dương Quang Hải','teacher','deactive'),('user5','123456789','user5@example.com','2233445566','Phan Anh Tuấn','support','active');
/*!40000 ALTER TABLE `users` ENABLE KEYS */;
UNLOCK TABLES;
/*!40103 SET TIME_ZONE=@OLD_TIME_ZONE */;

/*!40101 SET SQL_MODE=@OLD_SQL_MODE */;
/*!40014 SET FOREIGN_KEY_CHECKS=@OLD_FOREIGN_KEY_CHECKS */;
/*!40014 SET UNIQUE_CHECKS=@OLD_UNIQUE_CHECKS */;
/*!40101 SET CHARACTER_SET_CLIENT=@OLD_CHARACTER_SET_CLIENT */;
/*!40101 SET CHARACTER_SET_RESULTS=@OLD_CHARACTER_SET_RESULTS */;
/*!40101 SET COLLATION_CONNECTION=@OLD_COLLATION_CONNECTION */;
/*!40111 SET SQL_NOTES=@OLD_SQL_NOTES */;

-- Dump completed on 2024-11-27 16:51:39
